INSERT INTO train (train_id, train_name) VALUES
('LP1' , 'Tau HN - HP'),
('LP2' , 'Tau HP - HN'),
('LP3' , 'Tau HN - HP'),
('LP4' , 'Tau HP - HN'),
('LP5' , 'Tau HN - HP'),
('LP6' , 'Tau HP - HN'),
('LP7' , 'Tau HN - HP'),
('LP8' , 'Tau HN - HP'),
('SP1' , 'Tau HN - LC'),
('SP2' , 'Tau LC - HN'),

-----------------------------------------------

INSERT INTO station(station_id, station_name, city) VALUES
('HAN' , 'Ha Noi' , 'Ha Noi'),
('LOB' , 'Long Bien' , 'Ha Noi'),
('GIAL' , 'Gia Lam' , 'Ha Noi'),
('HAD' , 'Hai Duong' , 'Hai Duong'),
('PUTH' , 'Phu Thai' , 'Hai Duong'),
('THLY' , 'Thuong Ly' , 'Hai Phong'),
('HAP' , 'Hai Phong', ' Hai Phong'),
('VIY' , 'Vinh Yen' , 'Vinh Phuc'),
('YEB' , 'Yen Bai' , 'Yen Bai'),
('LAC' , 'Lao Cai' , 'Lao Cai'),
('HUE' , 'Hue' , 'Hue'),
('DAN' , 'Da Nang' , 'Da Nang'),
('THA' , 'Thanh Hoa' , 'Thanh Hoa')

------------------------------------------------
INSERT INTO stop(train_id, station_id, no) VALUES
('LP1' , 'HAN' , '1'),
('LP1' , 'LOB' , '2'),
('LP1' , 'GIAL' , '3'),
('LP1' , 'HAD' , '4'),
('LP1' , 'PUTH' , '5'),
('LP1' , 'THLY' , '6'),
('LP1' , 'HAP' , '7'),
('LP3' , 'HAN' , '1'),
('LP3' , 'LOB' , '2'),
('LP3' , 'GIAL' , '3'),
('LP3' , 'HAD' , '4'),
('LP3' , 'PUTH' , '5'),
('LP3' , 'THLY' , '6'),
('LP3' , 'HAP' , '7'),
('LP5' , 'HAN' , '1'),
('LP5' , 'LOB' , '2'),
('LP5' , 'GIAL' , '3'),
('LP5' , 'HAD' , '4'),
('LP5' , 'PUTH' , '5'),
('LP5' , 'THLY' , '6'),
('LP5' , 'HAP' , '7'),
('LP7' , 'HAN' , '1'),
('LP7' , 'LOB' , '2'),
('LP7' , 'GIAL' , '3'),
('LP7' , 'HAD' , '4'),
('LP7' , 'PUTH' , '5'),
('LP7' , 'THLY' , '6'),
('LP7' , 'HAP' , '7'),
('LP2' , 'HAN' , '7'),
('LP2' , 'LOB' , '6'),
('LP2' , 'GIAL' , '5'),
('LP2' , 'HAD' , '4'),
('LP2' , 'PUTH' , '3'),
('LP2' , 'THLY' , '2'),
('LP2' , 'HAP' , '1'),
('LP4' , 'HAN' , '7'),
('LP4' , 'LOB' , '6'),
('LP4' , 'GIAL' , '5'),
('LP4' , 'HAD' , '4'),
('LP4' , 'PUTH' , '3'),
('LP4' , 'THLY' , '2'),
('LP4' , 'HAP' , '1'),
('LP6' , 'HAN' , '7'),
('LP6' , 'LOB' , '6'),
('LP6' , 'GIAL' , '5'),
('LP6' , 'HAD' , '4'),
('LP6' , 'PUTH' , '3'),
('LP6' , 'THLY' , '2'),
('LP6' , 'HAP' , '1'),
('LP8' , 'HAN' , '7'),
('LP8' , 'LOB' , '6'),
('LP8' , 'GIAL' , '5'),
('LP8' , 'HAD' , '4'),
('LP8' , 'PUTH' , '3'),
('LP8' , 'THLY' , '2'),
('LP8' , 'HAP' , '1'),
('SP1' , 'HAN' , '1'),
('SP1' , 'GIAL' , '2'),
('SP1' , 'VIY' , '3'),
('SP1' , 'YEB' , '4'),
('SP1' , 'LAC' , '5'),
('SP2' , 'HAN' , '5'),
('SP2' , 'GIAL' , '4'),
('SP2' , 'VIY' , '3'),
('SP2' , 'YEB' , '2'),
('SP2' , 'LAC' , '1'),

------------------------------------------------

INSERT INTO train_schedule(schedule_id, arrival_time, departure_time, track_number, station_to_id, station_from_id, train_id)
VALUES
(1, )

------------------------------------------------

